title,content,category,author,publication_date,tags
"Introduction to Machine Learning","Machine learning is a subset of artificial intelligence that focuses on algorithms that can learn from and make predictions on data. It involves training models on datasets to identify patterns and make decisions with minimal human intervention.","AI/ML","Dr. Jane Smith","2024-01-15","machine learning,AI,algorithms"
"Deep Learning Fundamentals","Deep learning is a branch of machine learning that uses neural networks with multiple layers to model and understand complex patterns in data. It has revolutionized fields like computer vision and natural language processing.","Deep Learning","Prof. John Doe","2024-01-20","deep learning,neural networks,AI"
"Natural Language Processing Basics","Natural Language Processing (NLP) is a field of AI that focuses on the interaction between computers and humans through natural language. It involves teaching machines to understand, interpret, and generate human language.","NLP","Dr. Alice Johnson","2024-01-25","NLP,language processing,AI"
"Computer Vision Applications","Computer vision is a field of AI that trains computers to interpret and understand visual information from the world. It has applications in autonomous vehicles, medical imaging, and facial recognition systems.","Computer Vision","Prof. Bob Wilson","2024-02-01","computer vision,image processing,AI"
"Reinforcement Learning Overview","Reinforcement learning is an area of machine learning where agents learn to make decisions by taking actions in an environment to maximize cumulative reward. It's used in robotics, game playing, and autonomous systems.","Reinforcement Learning","Dr. Carol Brown","2024-02-05","reinforcement learning,agents,rewards"
"Data Science Methodology","Data science is an interdisciplinary field that uses scientific methods, processes, algorithms, and systems to extract knowledge from structured and unstructured data. It combines statistics, programming, and domain expertise.","Data Science","Prof. David Lee","2024-02-10","data science,methodology,analytics"
"Big Data Analytics","Big data refers to datasets that are too large or complex to be processed by traditional data processing software. Analytics on big data helps organizations make informed decisions and discover hidden patterns.","Big Data","Dr. Emma Davis","2024-02-15","big data,analytics,processing"
"Cloud Computing for AI","Cloud computing provides scalable resources for AI and machine learning applications. It offers the computational power and storage needed for training complex models without requiring on-premises infrastructure.","Cloud Computing","Prof. Frank Miller","2024-02-20","cloud computing,AI infrastructure,scalability"
"Ethics in Artificial Intelligence","AI ethics involves the moral principles and values that guide the development and deployment of artificial intelligence systems. It addresses issues like bias, fairness, transparency, and accountability in AI applications.","AI Ethics","Dr. Grace Taylor","2024-02-25","AI ethics,bias,fairness"
"Quantum Computing and AI","Quantum computing represents a new paradigm that could revolutionize artificial intelligence by solving certain problems exponentially faster than classical computers. It has potential applications in optimization and machine learning.","Quantum Computing","Prof. Henry Anderson","2024-03-01","quantum computing,AI,optimization"
